,Código,Cod,Nome Comercial,Div. Yeld,P/VP
0,AALR3,"""AALR3"",",ALLIAR,"0,0%","1,64"
1,ABCB3,"""ABCB3"",",ABC Brasil,"0,0%","0,00"
2,ABCB4,"""ABCB4"",",ABC Brasil,"5,6%","0,81"
3,ABEV3,"""ABEV3"",",AMBEV S/A,"4,2%","2,63"
4,ABYA3,"""ABYA3"",",ABYARA,"0,0%","1,76"
5,ACES3,"""ACES3"",",ARCELORMITTAL INOX BRASIL,"0,0%","2,28"
6,ACES4,"""ACES4"",",ARCELORMITTAL INOX BRASIL,"0,0%","2,27"
7,ADHM3,"""ADHM3"",",ADVANCED-DH,"0,0%","-1,2"
8,AEDU11,"""AEDU11"",",ANHANGUERA EDUCACIONAL PARTICIPAÇÕES SA,"0,0%","1,13"
9,AEDU3,"""AEDU3"",",ANHANGUERA EDUCACIONAL PARTICIPAÇÕES SA,"0,0%","3,32"
10,AELP3,"""AELP3"",",AES ELPA,"0,0%",-200
11,AERI3,"""AERI3"",",AERIS,"0,0%","4,94"
12,AESB3,"""AESB3"",",AES BRASIL,"1,6%","2,54"
13,AESL3,"""AESL3"",",AES SUL DISTRIB. GAÚCHA DE ENERGIA S.A.,"0,0%","2,69"
14,AESL4,"""AESL4"",",AES SUL DISTRIB. GAÚCHA DE ENERGIA S.A.,"0,0%","2,69"
15,AFLT3,"""AFLT3"",",AFLUENTE T,"7,2%","3,11"
16,AFLU3,"""AFLU3"",",AFLUENTE,"0,0%","2,19"
17,AFLU5,"""AFLU5"",",AFLUENTE,"0,0%","2,14"
18,AGEI3,"""AGEI3"",",AGRE EMP IMOB,"0,0%","1,25"
19,AGEN33,"""AGEN33"",",Agrenco,"0,0%","-0,0"
20,AGIN3,"""AGIN3"",",Agra Incorp,"0,0%","1,23"
21,AGRO3,"""AGRO3"",",BRASILAGRO,"9,1%","1,27"
22,AGXY3,"""AGXY3"",",AGROGALAXY,"0,0%","1,50"
23,AHEB3,"""AHEB3"",",PARQUE ANHEMBI,"0,0%","-4,8"
24,AHEB5,"""AHEB5"",",PARQUE ANHEMBI,"0,0%","-3,9"
25,AHEB6,"""AHEB6"",",PARQUE ANHEMBI,"0,0%","-9,1"
26,ALBA3,"""ALBA3"",",DANA-ALBARUS S/A INDÚSTRIA E COMÉRCIO,"0,0%","0,00"
27,ALLD3,"""ALLD3"",",ALLIED,"4,8%","0,96"
28,ALLL11,"""ALLL11"",",RUMO S.A.,"0,0%","0,40"
29,ALLL3,"""ALLL3"",",RUMO S.A.,"0,0%","0,48"
30,ALLL4,"""ALLL4"",",RUMO S.A.,"0,0%","0,40"
31,ALPA3,"""ALPA3"",",ALPARGATAS,"1,6%","4,34"
32,ALPA4,"""ALPA4"",",ALPARGATAS,"1,6%","4,66"
33,ALPK3,"""ALPK3"",",ESTAPAR,"0,0%","1,79"
34,ALSC3,"""ALSC3"",",ALIANSCE,"1,0%","2,20"
35,ALSO3,"""ALSO3"",",ALIANSCSONAE,"1,0%","0,88"
36,ALUP11,"""ALUP11"",",ALUPAR,"3,3%","1,11"
37,ALUP3,"""ALUP3"",",ALUPAR,"3,3%","1,11"
38,ALUP4,"""ALUP4"",",ALUPAR,"3,3%","1,12"
39,AMAR3,"""AMAR3"",",LOJAS MARISA,"0,0%","0,98"
40,AMBP3,"""AMBP3"",",AMBIPAR,"0,2%","3,90"
41,AMBV3,"""AMBV3"",",AMBEV,"0,0%","8,76"
42,AMBV4,"""AMBV4"",",AMBEV,"0,0%","8,74"
43,AMER3,"""AMER3"",",AMERICANAS,"0,0%","1,77"
44,AMIL3,"""AMIL3"",",AMIL,"0,0%","7,70"
45,AMPI3,"""AMPI3"",",AMPLA INVEST,"0,0%","2,74"
46,ANIM3,"""ANIM3"",",ANIMA,"0,0%","1,31"
47,APER3,"""APER3"",",ALPER S.A.,"0,0%","1,76"
48,APTI4,"""APTI4"",",ALIPERTI,"0,0%","0,26"
49,ARCE3,"""ARCE3"",",BELGO,"0,0%","2,60"
50,ARCZ3,"""ARCZ3"",",ARACRUZ CELULOSE SA,"0,0%","1,95"
51,ARCZ6,"""ARCZ6"",",ARACRUZ CELULOSE SA,"0,0%","1,94"
52,ARLA3,"""ARLA3"",",ARTHUR LANGE,"0,0%","-0,4"
53,ARLA4,"""ARLA4"",",ARTHUR LANGE,"0,0%","-0,6"
54,ARML3,"""ARML3"",",ARMAC,"0,0%","6,99"
55,ARPS3,"""ARPS3"",",DOUAT CIA TEXTIL,"0,0%","0,00"
56,ARPS4,"""ARPS4"",",DOUAT CIA TEXTIL,"0,0%","0,00"
57,ARTE3,"""ARTE3"",",KUALA S.A.,"0,0%","-0,0"
58,ARTE4,"""ARTE4"",",KUALA S.A.,"0,0%","-0,0"
59,ARTR3,"""ARTR3"",",ARTERIS,"0,0%","0,88"
60,ARZZ3,"""ARZZ3"",",AREZZO CO,"1,1%","5,28"
61,ASAI3,"""ASAI3"",",ASSAI,"0,9%","7,01"
62,ASSM3,"""ASSM3"",",HOTEIS ELDORADO,"0,0%","-0,1"
63,ASSM4,"""ASSM4"",",HOTEIS ELDORADO,"0,0%","-0,1"
64,ASTA4,"""ASTA4"",",SANTISTA TÊXTIL S.A.,"0,0%","1,00"
65,ATMP3,"""ATMP3"",",ATMASA,"0,0%","0,38"
66,ATOM3,"""ATOM3"",",ATOMPAR,"9,1%","3,84"
67,AURA33,"""AURA33"",",AURA 360,"12,8","2,42"
68,AUTM3,"""AUTM3"",",AUTOMETAL,"0,0%","1,90"
69,AVIL3,"""AVIL3"",",ACOS VILLARES,"0,0%","4,16"
70,AVLL3,"""AVLL3"",",ALPHAVILLE,"0,0%","5,13"
71,AZEV3,"""AZEV3"",",AZEVEDO & TRAVASSOS,"0,0%","4,87"
72,AZEV4,"""AZEV4"",",AZEVEDO & TRAVASSOS,"0,0%","3,97"
73,AZUL4,"""AZUL4"",",AZUL,"0,0%","-0,5"
74,B3SA3,"""B3SA3"",",B3,"5,9%","3,83"
75,BAHI11,"""BAHI11"",",BAHEMA,"0,0%","0,37"
76,BAHI3,"""BAHI3"",",BAHEMA,"0,0%","1,65"
77,BAHI4,"""BAHI4"",",BAHEMA,"0,0%","9,86"
78,BAHI5,"""BAHI5"",",BAHEMA,"0,0%","7,45"
79,BALM3,"""BALM3"",",BAUMER,"2,2%","1,28"
80,BALM4,"""BALM4"",",BAUMER,"3,4%","0,97"
81,BAUH4,"""BAUH4"",",EXCELSIOR,"0,8%","4,50"
82,BAZA3,"""BAZA3"",",BANCO DA AMAZONIA S.A.,"6,6%","0,41"
83,BBAS3,"""BBAS3"",",BANCO DO BRASIL S.A.,"7,1%","0,67"
84,BBDC3,"""BBDC3"",",BANCO BRADESCO S.A.,"5,0%","1,22"
85,BBDC4,"""BBDC4"",",BANCO BRADESCO S.A.,"4,6%","1,48"
86,BBRK3,"""BBRK3"",",BR Brokers,"0,0%","2,31"
87,BBSE3,"""BBSE3"",",BBSEGURIDADE,"4,4%","5,86"
88,BBTG11,"""BBTG11"",",BTG PACTUAL UNITS,"0,0%","0,00"
89,BBTG12,"""BBTG12"",",BTG PACTUAL,"0,0%","0,00"
90,BBTG13,"""BBTG13"",",BTG PACTUAL,"0,0%","0,00"
91,BCAL6,"""BCAL6"",",PRO METALURG,"0,0%","-0,0"
92,BDLL3,"""BDLL3"",",BAEDELLA,"0,0%","-0,0"
93,BDLL4,"""BDLL4"",",BAEDELLA,"0,0%","-0,0"
94,BECE3,"""BECE3"",",BEC,"0,0%","8,72"
95,BECE4,"""BECE4"",",BEC,"0,0%","8,38"
96,BEEF3,"""BEEF3"",",Minerva,"10,8","11,4"
97,BEES3,"""BEES3"",",BANESTES S/A,"6,7%","0,88"
98,BEES4,"""BEES4"",",BANESTES S/A,"6,1%","0,96"
99,BELG3,"""BELG3"",",BELGO,"0,0%","0,07"
100,BELG4,"""BELG4"",",BELGO,"0,0%","0,07"
101,BEMA3,"""BEMA3"",",Bematech,"0,0%","1,22"
102,BERG3,"""BERG3"",",BERGAMO,"0,0%","0,00"
103,BESP3,"""BESP3"",",BANESPA,"0,0%","2,47"
104,BESP4,"""BESP4"",",BANESPA,"0,0%","2,57"
105,BFIT3,"""BFIT3"",",BANCO SUDAMERIS BRASIL SA,"0,0%","2,06"
106,BFIT4,"""BFIT4"",",BANCO SUDAMERIS BRASIL SA,"0,0%","1,96"
107,BGIP3,"""BGIP3"",",BANESE,"3,2%","0,98"
108,BGIP4,"""BGIP4"",",BANESE,"5,1%","0,67"
109,BHGR3,"""BHGR3"",",BHG,"0,0%","1,10"
110,BICB3,"""BICB3"",",BicBanco,"0,0%","2,14"
111,BICB4,"""BICB4"",",BicBanco,"0,0%","2,21"
112,BIDI11,"""BIDI11"",",BANCO INTER,"0,2%","2,56"
113,BIDI3,"""BIDI3"",",BANCO INTER,"0,2%","2,57"
114,BIDI4,"""BIDI4"",",BANCO INTER,"0,2%","2,58"
115,BIOM3,"""BIOM3"",",BIOMM SA,"0,0%","7,27"
116,BIOM4,"""BIOM4"",",BIOMM SA,"0,0%","4,49"
117,BISA3,"""BISA3"",",BROOKFIELD INCORPORACOES,"0,0%","1,18"
118,BKBR3,"""BKBR3"",",BK BRASIL,"0,0%","1,14"
119,BLAU3,"""BLAU3"",",BLAU,"0,7%","3,86"
120,BLUT3,"""BLUT3"",",B TECH EQI,"0,0%","0,59"
121,BLUT4,"""BLUT4"",",B TECH EQI,"0,0%","0,33"
122,BMEB3,"""BMEB3"",",BANCO MERCANTIL DO BRASIL S/A,"5,0%","1,11"
123,BMEB4,"""BMEB4"",",BANCO MERCANTIL DO BRASIL S/A,"5,7%","1,07"
124,BMEF3,"""BMEF3"",",BMF,"0,0%","4,16"
125,BMGB11,"""BMGB11"",",BANCO BMG,"0,0%","1,25"
126,BMGB4,"""BMGB4"",",BANCO BMG,"10,0","0,47"
127,BMIN3,"""BMIN3"",",BANCO MERCANTIL DE INVESTIMENTOS SA,"0,0%","0,76"
128,BMIN4,"""BMIN4"",",BANCO MERCANTIL DE INVESTIMENTOS SA,"10,4","0,71"
129,BMKS3,"""BMKS3"",",MONARK,"3,2%","0,59"
130,BMOB3,"""BMOB3"",",BEMOBI TECH,"0,0%","1,33"
131,BMTO3,"""BMTO3"",",BRASMOTOR S.A,"0,0%","2,14"
132,BMTO4,"""BMTO4"",",BRASMOTOR S.A,"0,0%","2,07"
133,BNBR3,"""BNBR3"",",BANCO DO NORDESTE,"7,0%","0,82"
134,BNBR4,"""BNBR4"",",BANCO DO NORDESTE,"0,0%","0,33"
135,BNCA3,"""BNCA3"",",NOSSA CAIXA-NOSSO BANCO,"0,0%","2,45"
136,BOAS3,"""BOAS3"",",BOA VISTA,"1,5%","1,52"
137,BOBR3,"""BOBR3"",",BOMBRIL SA,"0,0%","-2,2"
138,BOBR4,"""BOBR4"",",BOMBRIL SA,"0,0%","-3,5"
139,BOVH3,"""BOVH3"",",Bovespa Hld,"0,0%","6,16"
140,BPAC11,"""BPAC11"",",BTGP BANCO,"1,6%","2,49"
141,BPAC3,"""BPAC3"",",BTGP BANCO,"0,9%","4,45"
142,BPAC5,"""BPAC5"",",BTGP BANCO,"2,7%","1,50"
143,BPAN4,"""BPAN4"",",BANCO PAN,"2,3%","2,04"
144,BPAR3,"""BPAR3"",",BANPARÁ S.A.,"0,0%","1,06"
145,BPAT33,"""BPAT33"",",Patagonia,"35,7","0,82"
146,BPHA3,"""BPHA3"",",BRAZIL PHARMA S.A.,"0,0%","-0,2"
147,BPIA3,"""BPIA3"",",BEP,"0,0%","1,06"
148,BPNM3,"""BPNM3"",",BANCO PAN,"0,0%","0,00"
149,BRAP3,"""BRAP3"",",BRADESPAR S/A,"38,2","0,69"
150,BRAP4,"""BRAP4"",",BRADESPAR S/A,"37,9","0,76"
151,BRBI11,"""BRBI11"",",BR PARTNERS,"0,0%","2,43"
152,BRFS3,"""BRFS3"",",BRF Foods,"0,0%","2,13"
153,BRGE11,"""BRGE11"",",CONSORCIO ALFA,"5,0%","0,44"
154,BRGE12,"""BRGE12"",",CONSORCIO ALFA,"0,0%","0,41"
155,BRGE3,"""BRGE3"",",CONSORCIO ALFA,"0,0%","0,38"
156,BRGE5,"""BRGE5"",",CONSORCIO ALFA,"0,0%","0,61"
157,BRGE6,"""BRGE6"",",CONSORCIO ALFA,"8,4%","0,53"
158,BRGE7,"""BRGE7"",",CONSORCIO ALFA,"8,1%","0,32"
159,BRGE8,"""BRGE8"",",CONSORCIO ALFA,"3,3%","0,56"
160,BRIT3,"""BRIT3"",",BRISANET,"0,0%","1,50"
161,BRIV3,"""BRIV3"",",ALFA DE INVESTIMENTO,"0,2%","0,45"
162,BRIV4,"""BRIV4"",",ALFA DE INVESTIMENTO,"7,8%","0,43"
163,BRKM3,"""BRKM3"",",BRASKEM,"15,7","2,99"
164,BRKM5,"""BRKM5"",",BRASKEM,"14,8","3,19"
165,BRKM6,"""BRKM6"",",BRASKEM,"1,6%","2,42"
166,BRML3,"""BRML3"",",BR MALLS PARTICIPAÇÔES S/A,"0,0%","0,76"
167,BRPR3,"""BRPR3"",",BR PROPERTIES,"2,9%","0,47"
168,BRSR3,"""BRSR3"",",BANRISUL S/A,"8,3%","0,54"
169,BRSR4,"""BRSR4"",",BANRISUL S/A,"0,0%","0,01"
170,BRSR5,"""BRSR5"",",BANRISUL S/A,"6,7%","0,84"
171,BRSR6,"""BRSR6"",",BANRISUL S/A,"9,0%","0,50"
172,BRTP3,"""BRTP3"",",BRASIL TELECOM PARTICIPAÇÕES S.A.,"0,0%","2,45"
173,BRTP4,"""BRTP4"",",BRASIL TELECOM PARTICIPAÇÕES S.A.,"0,0%","1,43"
174,BSCT3,"""BSCT3"",",BESC S.A.,"0,0%","0,00"
175,BSCT5,"""BSCT5"",",BESC S.A.,"0,0%","2,76"
176,BSCT6,"""BSCT6"",",BESC S.A.,"0,0%","2,04"
177,BSEV3,"""BSEV3"",",BIOSEV,"0,0%","-10,"
178,BSGR3,"""BSGR3"",",AGF BRASIL SEGUROS,"0,0%","0,00"
179,BSLI3,"""BSLI3"",",BRB,"1,7%","4,67"
180,BSLI4,"""BSLI4"",",BRB,"1,8%","4,77"
181,BTTL3,"""BTTL3"",",EMBPAR S/A,"0,0%","7,92"
182,BUET3,"""BUET3"",",BUETTNER S/A - INDUSTRIA E COMERCIO,"0,0%","-0,9"
183,BUET4,"""BUET4"",",BUETTNER S/A - INDUSTRIA E COMERCIO,"0,0%","-0,7"
184,CAFE3,"""CAFE3"",",CAFE SOLUVEL BRASILIA S/A,"0,0%","-0,0"
185,CAFE4,"""CAFE4"",",CAFE SOLUVEL BRASILIA S/A,"0,0%","-0,0"
186,CALI3,"""CALI3"",",CAL S/A,"0,0%","5,09"
187,CALI4,"""CALI4"",",CAL S/A,"0,0%","2,59"
188,CAMB3,"""CAMB3"",",PENALTY,"0,0%","1,76"
189,CAMB4,"""CAMB4"",",PENALTY,"0,0%","2,49"
190,CAML3,"""CAML3"",",CAMIL,"2,7%","1,19"
191,CARD3,"""CARD3"",",CSU CARDSYST,"3,4%","1,89"
192,CASH3,"""CASH3"",",MELIUZ,"0,2%","3,21"
193,CASN3,"""CASN3"",",CASAN,"0,2%","8,54"
194,CBAV3,"""CBAV3"",",CBA,"0,0%","2,70"
195,CBEE3,"""CBEE3"",",AMPLA ENERG,"0,0%","1,06"
196,CBMA3,"""CBMA3"",",COBRASMA S/A,"0,0%","-0,0"
197,CBMA4,"""CBMA4"",",COBRASMA S/A,"0,0%","-0,0"
198,CCHI3,"""CCHI3"",",CHIARELLI,"0,0%","-0,0"
199,CCHI4,"""CCHI4"",",CHIARELLI,"0,0%","-0,0"
200,CCIM3,"""CCIM3"",",CC DES IMOB,"0,0%","0,94"
201,CCRO3,"""CCRO3"",",COMPANHIA DE CONCESSÕES RODOVIÁRIAS,"1,3%","3,02"
202,CCTU4,"""CCTU4"",",COMPANHIA BRASILEIRA DE CARTUCHOS - CBC,"0,0%","0,92"
203,CCXC3,"""CCXC3"",",CCX CARVAO,"0,0%","-0,0"
204,CEAB3,"""CEAB3"",",CEA MODAS,"0,0%","0,67"
205,CEBR3,"""CEBR3"",",CEB - COMPANHIA ENERGÉTICA DE BRASÍLIA,"122,","0,59"
206,CEBR5,"""CEBR5"",",CEB - COMPANHIA ENERGÉTICA DE BRASÍLIA,"126,","0,57"
207,CEBR6,"""CEBR6"",",CEB - COMPANHIA ENERGÉTICA DE BRASÍLIA,"143,","0,55"
208,CEDO3,"""CEDO3"",",CIA. DE FIAÇÃO E TECIDOS CEDRO CACHOEIRA,"0,0%","0,51"
209,CEDO4,"""CEDO4"",",CIA. DE FIAÇÃO E TECIDOS CEDRO CACHOEIRA,"0,0%","0,40"
210,CEEB3,"""CEEB3"",",COELBA,"18,1","1,39"
211,CEEB5,"""CEEB5"",",COELBA,"0,0%","1,61"
212,CEED3,"""CEED3"",",CEEE-D,"0,0%","-1,3"
213,CEED4,"""CEED4"",",CEEE-D,"0,0%","-1,2"
214,CEGR3,"""CEGR3"",",CEG,"2,0%","11,9"
215,CELM3,"""CELM3"",",CELM CIA EQUIP. DE LABORATORIOS MODERNOS,"0,0%","-0,1"
216,CEPE3,"""CEPE3"",",CELPE,"0,0%","5,05"
217,CEPE5,"""CEPE5"",",CELPE,"9,9%","0,99"
218,CEPE6,"""CEPE6"",",CELPE,"10,4","1,03"
219,CESP3,"""CESP3"",",CESP CIA ENERGETICA SAO PAULO,"12,6","1,02"
220,CESP4,"""CESP4"",",CESP CIA ENERGETICA SAO PAULO,"0,0%","0,00"
221,CESP5,"""CESP5"",",CESP CIA ENERGETICA SAO PAULO,"3,0%","1,14"
222,CESP6,"""CESP6"",",CESP CIA ENERGETICA SAO PAULO,"9,3%","1,02"
223,CFLU4,"""CFLU4"",",COCA COLA,"0,0%","0,00"
224,CGAS3,"""CGAS3"",",COMPANHIA DE GÁS DE SÃO PAULO - COMGÁS,"9,3%","8,17"
225,CGAS5,"""CGAS5"",",COMPANHIA DE GÁS DE SÃO PAULO - COMGÁS,"10,4","8,04"
226,CGOS3,"""CGOS3"",",CELG,"0,0%","1,89"
227,CGOS4,"""CGOS4"",",CELG,"0,0%","0,00"
228,CGRA3,"""CGRA3"",",GRAZZIOTIN,"3,5%","0,99"
229,CGRA4,"""CGRA4"",",GRAZZIOTIN,"3,5%","0,98"
230,CIEL3,"""CIEL3"",",CIELO,"7,3%","0,64"
231,CIQU3,"""CIQU3"",",CACIQUE,"0,0%","1,05"
232,CIQU4,"""CIQU4"",",CACIQUE,"0,0%","1,05"
233,CLAN3,"""CLAN3"",",CLARION,"0,0%","0,00"
234,CLAN4,"""CLAN4"",",CLARION,"0,0%","0,47"
235,CLSA3,"""CLSA3"",",CLEARSALE,"0,0%","2,73"
236,CLSC3,"""CLSC3"",",CELESC,"7,0%","0,97"
237,CLSC4,"""CLSC4"",",CELESC,"7,2%","1,03"
238,CLSC5,"""CLSC5"",",CELESC,"0,0%","0,61"
239,CLSC6,"""CLSC6"",",CELESC,"0,0%","0,00"
240,CMET4,"""CMET4"",",CAEMI,"0,0%","5,38"
241,CMIG3,"""CMIG3"",",CEMIG,"6,4%","1,52"
242,CMIG4,"""CMIG4"",",CEMIG,"9,0%","1,09"
243,CMIN3,"""CMIN3"",",CSNMINERACAO,"6,5%","2,82"
244,CMMA4,"""CMMA4"",",CMA PARTICIPACOES SA,"0,0%","0,00"
245,CNFB4,"""CNFB4"",",CONFAB,"0,0%","1,57"
246,COCE3,"""COCE3"",",CIA ENERG CEARA - COELCE,"6,1%","1,32"
247,COCE5,"""COCE5"",",CIA ENERG CEARA - COELCE,"6,6%","1,22"
248,COCE6,"""COCE6"",",CIA ENERG CEARA - COELCE,"0,0%","0,78"
249,COGN3,"""COGN3"",",COGNA,"0,0%","0,37"
250,CORR3,"""CORR3"",",CORREA RIBEIRO SA COM. IND.,"0,0%","-1,1"
251,CORR4,"""CORR4"",",CORREA RIBEIRO SA COM. IND.,"0,0%","-7,9"
252,CPFE3,"""CPFE3"",",CPFL ENERGIA S.A.,"13,0","2,22"
253,CPFG3,"""CPFG3"",",CPFL GERAÇÂO DE ENERGIA S/A,"0,0%","0,42"
254,CPFG4,"""CPFG4"",",CPFL GERAÇÂO DE ENERGIA S/A,"0,0%","0,41"
255,CPFP4,"""CPFP4"",",CPFL - PIRATININGA,"0,0%","4,40"
256,CPLE11,"""CPLE11"",",COPEL,"0,0%","0,89"
257,CPLE3,"""CPLE3"",",COPEL,"18,2","0,83"
258,CPLE5,"""CPLE5"",",COPEL,"4,4%","3,93"
259,CPLE6,"""CPLE6"",",COPEL,"18,4","0,90"
260,CPNY3,"""CPNY3"",",COMPANY S/A,"0,0%","0,42"
261,CPRE3,"""CPRE3"",",CPFL RENOVAV,"0,0%","1,77"
262,CPSL3,"""CPSL3"",",COPESUL,"0,0%","3,49"
263,CRBM3,"""CRBM3"",",CARAÍBA METAIS S.A,"0,0%","3,26"
264,CRBM7,"""CRBM7"",",CARAÍBA METAIS S.A,"0,0%","2,18"
265,CRDE3,"""CRDE3"",",CR2,"0,0%","0,40"
266,CREM3,"""CREM3"",",CREMER S.A.,"0,0%","2,45"
267,CREM4,"""CREM4"",",CREMER S.A.,"0,0%","0,01"
268,CRFB3,"""CRFB3"",",CARREFOUR BR,"5,5%","1,94"
269,CRIV3,"""CRIV3"",",ALFA FINANCEIRA,"0,5%","0,52"
270,CRIV4,"""CRIV4"",",ALFA FINANCEIRA,"7,9%","0,57"
271,CRPG3,"""CRPG3"",",CRISTAL,"0,0%","2,53"
272,CRPG5,"""CRPG5"",",CRISTAL,"8,2%","2,05"
273,CRPG6,"""CRPG6"",",CRISTAL,"8,0%","2,10"
274,CRTP3,"""CRTP3"",",CELULAR CRT PARTICIPAÇÕES S/A,"0,0%","2,38"
275,CRTP5,"""CRTP5"",",CELULAR CRT PARTICIPAÇÕES S/A,"0,0%","1,71"
276,CRUZ3,"""CRUZ3"",",SOUZA CRUZ,"0,0%","22,4"
277,CSAB3,"""CSAB3"",",COMPANHIA DE SEGUROS ALIANÇA DA BAHIA,"2,9%","2,76"
278,CSAB4,"""CSAB4"",",COMPANHIA DE SEGUROS ALIANÇA DA BAHIA,"4,1%","2,12"
279,CSAN3,"""CSAN3"",",COSAN SA INDUSTRIA E COMERCIO,"2,7%","3,13"
280,CSED3,"""CSED3"",",CRUZEIRO EDU,"2,4%","1,66"
281,CSMG3,"""CSMG3"",",COPASA MG,"7,2%","0,75"
282,CSNA3,"""CSNA3"",",CSN,"7,8%","1,85"
283,CSPC3,"""CSPC3"",",COSIPA,"0,0%","0,00"
284,CSPC4,"""CSPC4"",",COSIPA,"0,0%","0,00"
285,CSRN3,"""CSRN3"",",COSERN,"13,5","1,72"
286,CSRN5,"""CSRN5"",",COSERN,"14,8","1,73"
287,CSRN6,"""CSRN6"",",COSERN,"14,0","1,82"
288,CSTB3,"""CSTB3"",",COMPANHIA SIDERÚRGICA DE TUBARÃO,"0,0%","0,00"
289,CSTB4,"""CSTB4"",",COMPANHIA SIDERÚRGICA DE TUBARÃO,"0,0%","0,00"
290,CTIP3,"""CTIP3"",",CETIP,"0,0%","8,76"
291,CTKA3,"""CTKA3"",",KARSTEN,"0,0%","-1,1"
292,CTKA4,"""CTKA4"",",KARSTEN,"0,0%","-0,4"
293,CTNM3,"""CTNM3"",",COTEMINAS,"0,0%","0,32"
294,CTNM4,"""CTNM4"",",COTEMINAS,"0,0%","0,14"
295,CTPC3,"""CTPC3"",",CTM CITRUS SA,"0,0%","1,08"
296,CTPC4,"""CTPC4"",",CTM CITRUS SA,"0,0%","0,03"
297,CTSA3,"""CTSA3"",",SANTANENSE,"0,0%","0,66"
298,CTSA4,"""CTSA4"",",SANTANENSE,"0,0%","0,44"
299,CTSA8,"""CTSA8"",",SANTANENSE,"0,0%","0,35"
300,CTWR3,"""CTWR3"",",BLUE TREE HOTELS,"0,0%","56,7"
301,CURY3,"""CURY3"",",CURY S/A,"6,8%","3,98"
302,CVCB3,"""CVCB3"",",CVC BRASIL,"0,0%","5,81"
303,CXSE3,"""CXSE3"",",CAIXA SEGURI,"2,8%","2,45"
304,CYRE3,"""CYRE3"",",CYRELA BRAZIL REALTY,"6,5%","1,08"
305,CYRE4,"""CYRE4"",",CYRELA BRAZIL REALTY,"0,0%","0,55"
306,CZLT33,"""CZLT33"",",Cosan Ltd,"0,0%","1,39"
307,CZRS3,"""CZRS3"",",Cruzeiro Sul,"0,0%","0,00"
308,CZRS4,"""CZRS4"",",Cruzeiro Sul,"0,0%","0,30"
309,DAGB33,"""DAGB33"",",DUFRY AG,"0,0%","1,60"
310,DASA3,"""DASA3"",",DIAGNOSTICOS DA AMERICA SA,"1,0%","2,16"
311,DAYC3,"""DAYC3"",",Daycoval,"0,0%","0,00"
312,DAYC4,"""DAYC4"",",Daycoval,"0,0%","0,71"
313,DESK3,"""DESK3"",",DESKTOPSIGMA,"0,0%","1,84"
314,DEXP3,"""DEXP3"",",DEXXOS PAR,"2,9%","1,98"
315,DEXP4,"""DEXP4"",",DEXXOS PAR,"0,0%","1,66"
316,DFVA3,"""DFVA3"",",D F VASCONCELLOS S/A O.M.A.P.,"0,0%","60,6"
317,DFVA4,"""DFVA4"",",D F VASCONCELLOS S/A O.M.A.P.,"0,0%","49,0"
318,DHBI3,"""DHBI3"",",DHB,"0,0%","-0,1"
319,DHBI4,"""DHBI4"",",DHB,"0,0%","-0,0"
320,DIRR3,"""DIRR3"",",Direcional Engenharia,"5,2%","1,69"
321,DJON4,"""DJON4"",",DIJON S/A,"0,0%","0,22"
322,DMMO3,"""DMMO3"",",DOMMO,"0,0%","-0,7"
323,DMVF3,"""DMVF3"",",D1000VFARMA,"0,0%","0,27"
324,DOCA3,"""DOCA3"",",DOCAS S.A.,"0,0%","-0,0"
325,DOCA4,"""DOCA4"",",DOCAS S.A.,"0,0%","-0,0"
326,DOHL3,"""DOHL3"",",DOHLER,"1,0%","2,05"
327,DOHL4,"""DOHL4"",",DOHLER,"3,4%","0,65"
328,DOTZ3,"""DOTZ3"",",DOTZ SA,"0,0%","-7,7"
329,DPPI3,"""DPPI3"",",IPIRANGA DISTRIBUIDORA,"0,0%","4,99"
330,DPPI4,"""DPPI4"",",IPIRANGA DISTRIBUIDORA,"0,0%","2,28"
331,DSUL3,"""DSUL3"",",DATASUL,"0,0%","0,97"
332,DTCY3,"""DTCY3"",",DTCOM,"0,0%","54,0"
333,DUFB11,"""DUFB11"",",DUFRY SOUTH AMERICA LTD.,"0,0%","0,00"
334,DUQE3,"""DUQE3"",",METALURGICA DUQUE SA,"0,0%","-11,"
335,DUQE4,"""DUQE4"",",METALURGICA DUQUE SA,"0,0%","-1,1"
336,DURA3,"""DURA3"",",DURATEX,"0,0%","2,26"
337,DURA4,"""DURA4"",",DURATEX,"0,0%","2,22"
338,DXCO3,"""DXCO3"",",DEXCO,"10,9","1,80"
339,DXTG4,"""DXTG4"",",DIXIE TOGA,"0,0%","1,32"
340,EALT3,"""EALT3"",",ELECTRO AÇO ALTONA S/A,"10,6","1,25"
341,EALT4,"""EALT4"",",ELECTRO AÇO ALTONA S/A,"16,7","0,87"
342,EBCO3,"""EBCO3"",",EMBRACO,"0,0%","0,84"
343,EBCO4,"""EBCO4"",",EMBRACO,"0,0%","0,80"
344,EBEN4,"""EBEN4"",",BANDEIRANTE,"0,0%","0,57"
345,EBTP3,"""EBTP3"",",EMBRATEL PARTICIPAÇÕES SA,"0,0%","1,17"
346,EBTP4,"""EBTP4"",",EMBRATEL PARTICIPAÇÕES SA,"0,0%","1,14"
347,ECIS3,"""ECIS3"",",ECISA,"0,0%","0,00"
348,ECIS4,"""ECIS4"",",ECISA,"0,0%","0,00"
349,ECOR3,"""ECOR3"",",ECORODOVIAS,"0,0%","2,51"
350,ECPR3,"""ECPR3"",",ENCORPAR,"0,0%","1,06"
351,ECPR4,"""ECPR4"",",ENCORPAR,"0,0%","1,14"
352,EEEL3,"""EEEL3"",",CEEE,"7,6%","2,03"
353,EEEL4,"""EEEL4"",",CEEE,"8,4%","2,02"
354,EGIE3,"""EGIE3"",",ENGIE BRASIL,"4,4%","4,18"
355,EKTR3,"""EKTR3"",",ELEKTRO ELETRICIDADE E SERVIÇOS S.A.,"8,6%","2,26"
356,EKTR4,"""EKTR4"",",ELEKTRO ELETRICIDADE E SERVIÇOS S.A.,"12,8","1,67"
357,ELCA3,"""ELCA3"",",REDE EMPRESAS DE ENERGIA ELÉTRICA S.A.,"0,0%","14,0"
358,ELCA4,"""ELCA4"",",REDE EMPRESAS DE ENERGIA ELÉTRICA S.A.,"0,0%","11,5"
359,ELEK3,"""ELEK3"",",ELEKEIROZ S/A,"0,3%","2,66"
360,ELEK4,"""ELEK4"",",ELEKEIROZ S/A,"0,2%","3,62"
361,ELET3,"""ELET3"",",ELETROBRÁS,"7,1%","0,70"
362,ELET5,"""ELET5"",",ELETROBRÁS,"0,0%","1,33"
363,ELET6,"""ELET6"",",ELETROBRÁS,"8,0%","0,68"
364,ELEV3,"""ELEV3"",",ELEVA,"0,0%","3,22"
365,ELMD3,"""ELMD3"",",ELETROMIDIA,"0,0%","2,69"
366,ELPL3,"""ELPL3"",",AES ELETROPAULO,"0,0%","2,85"
367,ELPL4,"""ELPL4"",",AES ELETROPAULO,"0,0%","0,92"
368,ELPL5,"""ELPL5"",",AES ELETROPAULO,"0,0%","1,76"
369,ELPL6,"""ELPL6"",",AES ELETROPAULO,"0,0%","1,74"
370,ELUM3,"""ELUM3"",",ELUMA,"0,0%","1,50"
371,ELUM4,"""ELUM4"",",ELUMA,"0,0%","1,99"
372,EMAE4,"""EMAE4"",",EMAE,"3,8%","2,21"
373,EMBR3,"""EMBR3"",",EMBRAER,"0,0%","1,01"
374,ENAT3,"""ENAT3"",",ENAUTA PART,"1,3%","1,19"
375,ENBR3,"""ENBR3"",",EDP ENERGIAS DO BRASIL S/A,"7,5%","1,11"
376,ENER3,"""ENER3"",",ENERSUL,"0,0%","0,00"
377,ENER5,"""ENER5"",",ENERSUL,"0,0%","0,00"
378,ENER6,"""ENER6"",",ENERSUL,"0,0%","0,00"
379,ENEV3,"""ENEV3"",",ENEVA,"0,0%","1,95"
380,ENGI11,"""ENGI11"",",ENERGISA,"9,1%","1,80"
381,ENGI3,"""ENGI3"",",ENERGISA,"5,6%","2,94"
382,ENGI4,"""ENGI4"",",ENERGISA,"10,9","1,51"
383,ENJU3,"""ENJU3"",",ENJOEI,"0,0%","1,31"
384,ENMT3,"""ENMT3"",",ENERGISA MT,"7,1%","6,11"
385,ENMT4,"""ENMT4"",",ENERGISA MT,"6,0%","6,42"
386,EPAR3,"""EPAR3"",",EMBPAR S/A,"0,0%","3,07"
387,EPAR4,"""EPAR4"",",EMBPAR S/A,"0,0%","0,68"
388,EQMA3B,"""EQMA3B"",",CEMAR,"11,3","2,14"
389,EQMA5B,"""EQMA5B"",",CEMAR,"0,0%","0,00"
390,EQMA6B,"""EQMA6B"",",CEMAR,"0,0%","0,00"
391,EQPA3,"""EQPA3"",",EQTL PARA,"5,5%","3,43"
392,EQPA5,"""EQPA5"",",EQTL PARA,"4,2%","4,47"
393,EQPA6,"""EQPA6"",",EQTL PARA,"2,9%","6,54"
394,EQPA7,"""EQPA7"",",EQTL PARA,"4,7%","4,05"
395,EQTL3,"""EQTL3"",",EQUATORIAL ENERGIA S.A.,"3,1%","1,94"
396,ESCE3,"""ESCE3"",",ESCELSA,"0,0%","0,80"
397,ESPA3,"""ESPA3"",",ESPACOLASER,"2,3%","2,19"
398,ESTC11,"""ESTC11"",",YDUQS PART,"0,0%","0,72"
399,ESTC4,"""ESTC4"",",YDUQS PART,"0,0%","0,00"
400,ESTR3,"""ESTR3"",",ESTRELA,"0,0%","-0,0"
401,ESTR4,"""ESTR4"",",ESTRELA,"0,0%","-0,1"
402,ETER3,"""ETER3"",",ETERNIT,"1,3%","2,09"
403,ETER4,"""ETER4"",",ETERNIT,"0,0%","1,12"
404,EUCA3,"""EUCA3"",",EUCATEX,"3,0%","0,75"
405,EUCA4,"""EUCA4"",",EUCATEX,"5,2%","0,47"
406,EVEN3,"""EVEN3"",",Even,"11,5","0,86"
407,EZTC3,"""EZTC3"",",EZTec,"2,1%","1,06"
408,FBMC3,"""FBMC3"",",FIBAM,"0,0%","-0,9"
409,FBMC4,"""FBMC4"",",FIBAM,"0,0%","-0,0"
410,FBRA4,"""FBRA4"",",FERTIBRÁS S/A,"0,0%","1,66"
411,FCAP3,"""FCAP3"",",FICAP,"0,0%","0,11"
412,FCAP4,"""FCAP4"",",FICAP,"0,0%","0,13"
413,FESA3,"""FESA3"",",FERBASA,"1,6%","2,02"
414,FESA4,"""FESA4"",",FERBASA,"1,9%","1,97"
415,FFTL3,"""FFTL3"",",FOSFERTIL,"0,0%","2,26"
416,FFTL4,"""FFTL4"",",FOSFERTIL,"0,0%","2,26"
417,FGUI3,"""FGUI3"",",FERREIRA GUIMARAES,"0,0%","-2,1"
418,FGUI4,"""FGUI4"",",FERREIRA GUIMARAES,"0,0%","-0,0"
419,FHER3,"""FHER3"",",Fer Heringer,"0,0%","9,11"
420,FIBR3,"""FIBR3"",",Fibria,"7,6%","2,59"
421,FIGE3,"""FIGE3"",",INVESTIMENTOS BEMGE,"0,0%","0,44"
422,FIGE4,"""FIGE4"",",INVESTIMENTOS BEMGE,"0,0%","0,39"
423,FIQE3,"""FIQE3"",",UNIFIQUE,"0,0%","2,46"
424,FLCL3,"""FLCL3"",",CATAG LEOPOLDINA,"0,0%","71,0"
425,FLCL5,"""FLCL5"",",CATAG LEOPOLDINA,"0,0%","77,2"
426,FLCL6,"""FLCL6"",",CATAG LEOPOLDINA,"0,0%","61,2"
427,FLRY3,"""FLRY3"",",FLEURY,"3,7%","3,42"
428,FRAS3,"""FRAS3"",",FRAS-LE S.A.,"2,5%","2,42"
429,FRAS4,"""FRAS4"",",FRAS-LE S.A.,"0,0%","1,15"
430,FRIO3,"""FRIO3"",",Metalfrio,"0,0%","-1,8"
431,FRTA3,"""FRTA3"",",POMIFRUTAS,"0,0%","-0,1"
432,FTRX3,"""FTRX3"",",FAB TECIDOS C RENAUX,"0,0%","-0,0"
433,FTRX4,"""FTRX4"",",FAB TECIDOS C RENAUX,"0,0%","-0,0"
434,GAFP3,"""GAFP3"",",CIMOB,"0,0%","-0,0"
435,GAFP4,"""GAFP4"",",CIMOB,"0,0%","-0,0"
436,GALO3,"""GALO3"",",EMEEGE ESCAPAMENTOS,"0,0%","0,00"
437,GALO4,"""GALO4"",",EMEEGE ESCAPAMENTOS,"0,0%","0,00"
438,GAZO3,"""GAZO3"",",GAZOLA SA INDÚSTRIA METALURGICA,"0,0%","-0,0"
439,GAZO4,"""GAZO4"",",GAZOLA SA INDÚSTRIA METALURGICA,"0,0%","-0,0"
440,GBIO33,"""GBIO33"",",BIOTOSCANA,"0,0%","1,32"
441,GEPA3,"""GEPA3"",","DUKE ENERGY INT,GERAÇÃO PARANAPANEMA SA","8,9%","1,63"
442,GEPA4,"""GEPA4"",","DUKE ENERGY INT,GERAÇÃO PARANAPANEMA SA","8,9%","1,63"
443,GETI3,"""GETI3"",",AES TIETE SA,"0,0%","3,44"
444,GETI4,"""GETI4"",",AES TIETE SA,"0,0%","3,44"
445,GETT3,"""GETT3"",",GETNET BR,"0,0%","0,89"
446,GETT4,"""GETT4"",",GETNET BR,"0,0%","0,92"
447,GFSA3,"""GFSA3"",",GAFISA,"0,0%","0,40"
448,GGBR3,"""GGBR3"",",GERDAU S.A.,"13,2","0,97"
449,GGBR4,"""GGBR4"",",GERDAU S.A.,"10,6","1,21"
450,GGPS3,"""GGPS3"",",GPS,"1,1%","5,05"
451,GLOB4,"""GLOB4"",",VIA,"0,0%","8,59"
452,GMAT3,"""GMAT3"",",GRUPO MATEUS,"0,0%","2,11"
453,GNDI3,"""GNDI3"",",INTERMEDICA,"0,4%","6,18"
454,GOAU3,"""GOAU3"",",METALÚRGICA GERDAU,"22,1","0,76"
455,GOAU4,"""GOAU4"",",METALÚRGICA GERDAU,"19,5","0,86"
456,GOLL4,"""GOLL4"",",GOL LINHAS AEREAS INTELIGENTES SA,"0,0%","-0,3"
457,GPAR3,"""GPAR3"",",CELGPAR,"1,2%","2,10"
458,GPIV33,"""GPIV33"",","GP INVESTMENTS, LTD","0,0%","0,29"
459,GRND3,"""GRND3"",",GRENDENE SA,"9,6%","2,00"
460,GRNL4,"""GRNL4"",",GRANÓLEO S/A,"0,0%","1,07"
461,GSHP3,"""GSHP3"",",Generalshopp,"0,0%","-0,0"
462,GUAR3,"""GUAR3"",",GUARARAPES CONFECÇÕES,"3,4%","1,24"
463,GUAR4,"""GUAR4"",",GUARARAPES CONFECÇÕES,"0,0%","14,6"
464,GVTT3,"""GVTT3"",",GVT HOLDING,"0,0%","3,68"
465,HAGA3,"""HAGA3"",",HAGA,"0,0%","-1,5"
466,HAGA4,"""HAGA4"",",HAGA,"0,0%","-0,3"
467,HAPV3,"""HAPV3"",",HAPVIDA,"0,3%","4,58"
468,HBOR3,"""HBOR3"",",Helbor,"1,1%","0,43"
469,HBRE3,"""HBRE3"",",HBR REALTY,"0,0%","0,47"
470,HBSA3,"""HBSA3"",",HIDROVIAS,"0,0%","1,50"
471,HBTS5,"""HBTS5"",",CIA HABITASUL,"0,4%","0,77"
472,HETA3,"""HETA3"",",HERCULES S/A,"0,0%","-0,0"
473,HETA4,"""HETA4"",",HERCULES S/A,"0,0%","-0,0"
474,HGTX3,"""HGTX3"",",CIA HERING,"0,3%","3,57"
475,HGTX4,"""HGTX4"",",CIA HERING,"0,0%","0,92"
476,HOOT4,"""HOOT4"",",HOTEIS OTHON S.A.,"0,0%","-0,1"
477,HYPE3,"""HYPE3"",",HYPERA,"4,0%","2,02"
478,ICPI3,"""ICPI3"",",CIMENTO ITAU CORUMBA,"0,0%","0,00"
479,IDVL11,"""IDVL11"",",Indusval,"0,0%","60,5"
480,IDVL3,"""IDVL3"",",Indusval,"0,0%","0,93"
481,IDVL4,"""IDVL4"",",Indusval,"0,0%","1,16"
482,IENG3,"""IENG3"",",INEPAR ENERGIA,"0,0%","0,99"
483,IENG5,"""IENG5"",",INEPAR ENERGIA,"0,0%","0,79"
484,IFCM3,"""IFCM3"",",INFRACOMM,"0,0%","4,85"
485,IGBR3,"""IGBR3"",",GRADIENTE,"0,0%","-0,0"
486,IGBR5,"""IGBR5"",",GRADIENTE,"0,0%","-0,0"
487,IGBR6,"""IGBR6"",",GRADIENTE,"0,0%","-0,0"
488,IGTA3,"""IGTA3"",",IGUATEMI,"0,9%","1,72"
489,IGTI11,"""IGTI11"",",IGUATEMI S.A,"0,0%","2,85"
490,IGTI3,"""IGTI3"",",IGUATEMI S.A,"0,2%","3,53"
491,IGUA3,"""IGUA3"",",CIA. IGUAÇU DE CAFÉ SOLÚVEL,"0,0%","-1,4"
492,IGUA5,"""IGUA5"",",CIA. IGUAÇU DE CAFÉ SOLÚVEL,"0,0%","-1,4"
493,IGUA6,"""IGUA6"",",CIA. IGUAÇU DE CAFÉ SOLÚVEL,"0,0%","-1,4"
494,ILLS4,"""ILLS4"",",LINHAS CIRCULO,"0,0%","0,00"
495,ILMD3,"""ILMD3"",",YARA BRASIL FERTILIZANTES S.A.,"0,0%","2,63"
496,ILMD4,"""ILMD4"",",YARA BRASIL FERTILIZANTES S.A.,"0,0%","2,72"
497,IMBI3,"""IMBI3"",",COMPANHIA DOCAS DE IMBITUBA,"0,0%","2,81"
498,IMBI4,"""IMBI4"",",COMPANHIA DOCAS DE IMBITUBA,"0,0%","1,96"
499,IMCH3,"""IMCH3"",",IMC HOLDINGS,"0,0%","0,59"
500,INEP3,"""INEP3"",",INEPAR S/A,"0,0%","-0,1"
501,INEP4,"""INEP4"",",INEPAR S/A,"0,0%","-0,1"
502,INHA3,"""INHA3"",",GAFISA,"0,0%","0,00"
503,INTB3,"""INTB3"",",INTELBRAS,"0,6%","5,32"
504,IRBR3,"""IRBR3"",",IRBBRASIL RE,"0,0%","0,95"
505,ITEC3,"""ITEC3"",",ITAUTEC PHILCO SA - GRUPO ITAUTEC PHILCO,"0,0%","22,0"
506,ITSA3,"""ITSA3"",",ITAÚSA,"4,8%","1,42"
507,ITSA4,"""ITSA4"",",ITAÚSA,"4,8%","1,42"
508,ITUB3,"""ITUB3"",",ITAUUNIBANCO,"3,9%","1,58"
509,ITUB4,"""ITUB4"",",ITAUUNIBANCO,"3,4%","1,80"
510,IVTT3,"""IVTT3"",",BHG,"0,0%","0,00"
511,JALL3,"""JALL3"",",JALLESMACHAD,"3,0%","2,39"
512,JBDU3,"""JBDU3"",",B TECH EQI,"0,0%","0,00"
513,JBSS3,"""JBSS3"",",JBS,"9,2%","1,77"
514,JFAB4,"""JFAB4"",",JARAGUA FABRIL,"0,0%","0,00"
515,JFEN3,"""JFEN3"",",JOÃO FORTES ENGENHARIA S.A.,"0,0%","-0,2"
516,JHSF3,"""JHSF3"",",JHSF Part,"6,4%","0,95"
517,JOPA3,"""JOPA3"",",JOSAPAR S/A,"3,2%","0,52"
518,JOPA4,"""JOPA4"",",JOSAPAR S/A,"2,7%","0,68"
519,JPSA3,"""JPSA3"",",IGUATEMI S.A,"0,3%","1,93"
520,JSLG3,"""JSLG3"",",JULIO SIMOES,"3,3%","1,53"
521,KEPL3,"""KEPL3"",",KEPLER WEBER SA,"25,8","1,82"
522,KLBN11,"""KLBN11"",",KLABIN,"1,5%","5,10"
523,KLBN3,"""KLBN3"",",KLABIN,"1,3%","5,96"
524,KLBN4,"""KLBN4"",",KLABIN,"1,6%","4,91"
525,KROT11,"""KROT11"",",COGNA,"0,0%","0,85"
526,KROT4,"""KROT4"",",COGNA,"0,0%","0,76"
527,KRSA3,"""KRSA3"",",KORA SAUDE,"0,0%","2,52"
528,KSSA3,"""KSSA3"",",KLABINSEGALL,"0,0%","1,40"
529,LAME3,"""LAME3"",",LOJAS AMERICANAS S.A.,"0,0%","1,91"
530,LAME4,"""LAME4"",",LOJAS AMERICANAS S.A.,"0,0%","1,89"
531,LAND3,"""LAND3"",",TERRASANTAPA,"0,0%","0,00"
532,LATM11,"""LATM11"",",LATAM AIRLN,"0,0%","0,02"
533,LATS3,"""LATS3"",",REXAM BEVERAGE CAN SOUTH AMERICA,"0,0%","0,00"
534,LAVV3,"""LAVV3"",",LAVVI,"12,2","0,88"
535,LCAM3,"""LCAM3"",",LOCAMERICA,"1,6%","2,76"
536,LCSA3,"""LCSA3"",",NÃO CONSTA,"0,0%","-81,"
537,LCSA4,"""LCSA4"",",NÃO CONSTA,"0,0%",-228
538,LECO3,"""LECO3"",",LECO,"0,0%","0,00"
539,LECO4,"""LECO4"",",LECO,"0,0%","2,00"
540,LETO3,"""LETO3"",",MITTO,"0,0%","-0,0"
541,LETO5,"""LETO5"",",MITTO,"0,0%","-0,1"
542,LEVE3,"""LEVE3"",",MAHLE METAL LEVE,"2,9%","2,42"
543,LEVE4,"""LEVE4"",",MAHLE METAL LEVE,"0,0%","3,32"
544,LFFE3,"""LFFE3"",",LA FONTE TELECOM S/A,"0,0%","3,26"
545,LFFE4,"""LFFE4"",",LA FONTE TELECOM S/A,"0,0%","4,08"
546,LGLO4,"""LGLO4"",",LIVRARIA DO GLOBO S/A,"0,0%","0,65"
547,LIGH3,"""LIGH3"",",LIGHT,"0,0%","0,91"
548,LIGT3,"""LIGT3"",",LIGHT SA,"3,9%","0,48"
549,LINX3,"""LINX3"",",LINX,"1,5%","4,38"
550,LIPR3,"""LIPR3"",",LIGHTPAR,"3,0%","3,82"
551,LIXC3,"""LIXC3"",",LIX DA CUNHA,"0,0%","1,52"
552,LIXC4,"""LIXC4"",",LIX DA CUNHA,"0,0%","1,26"
553,LJQQ3,"""LJQQ3"",",QUERO-QUERO,"1,4%","3,59"
554,LLIS3,"""LLIS3"",",LE LIS BLANC DEUX,"0,0%","0,88"
555,LOGG3,"""LOGG3"",",LOG COM PROP,"1,2%","0,86"
556,LOGN3,"""LOGN3"",",Log-In,"0,0%","5,45"
557,LPSB3,"""LPSB3"",",LOPES BRASIL,"0,0%","2,03"
558,LREN3,"""LREN3"",",RENNER,"1,6%","2,77"
559,LREN4,"""LREN4"",",RENNER,"0,0%","0,01"
560,LUPA3,"""LUPA3"",",LUPATECH,"0,0%","1,29"
561,LUXM3,"""LUXM3"",",TREVISA INVESTIMENTOS SA,"0,0%","0,51"
562,LUXM4,"""LUXM4"",",TREVISA INVESTIMENTOS SA,"2,0%","4,16"
563,LVTC3,"""LVTC3"",",WDC NETWORKS,"0,0%","1,57"
564,LWSA3,"""LWSA3"",",LOCAWEB,"0,0%","1,89"
565,MAGG3,"""MAGG3"",",MAGNESITA REFRATÁRIOS,"0,0%","1,32"
566,MAGS3,"""MAGS3"",",MAGNESITA S/A,"0,0%","3,13"
567,MAPT3,"""MAPT3"",",CIA MARCOPOLO,"0,0%","-5,7"
568,MAPT4,"""MAPT4"",",CIA MARCOPOLO,"0,0%","-3,3"
569,MARI3,"""MARI3"",",Marisa,"0,0%","0,76"
570,MATD3,"""MATD3"",",MATER DEI,"0,0%","3,86"
571,MBLY3,"""MBLY3"",",MOBLY,"0,0%","1,05"
572,MDIA3,"""MDIA3"",",M.DIASBRANCO,"0,9%","1,12"
573,MDNE3,"""MDNE3"",",MOURA DUBEUX,"0,0%","0,51"
574,MEAL3,"""MEAL3"",",IMC S/A,"0,0%","0,69"
575,MEDI3,"""MEDI3"",",MEDIAL SAUDE,"0,0%","1,89"
576,MELK3,"""MELK3"",",MELNICK,"6,7%","0,74"
577,MEND5,"""MEND5"",",MENDES JUNIOR ENGENHARIA S/A,"0,0%","-0,0"
578,MEND6,"""MEND6"",",MENDES JUNIOR ENGENHARIA S/A,"0,0%","-0,0"
579,MERC3,"""MERC3"",",MERCANTIL BRASIL,"0,0%","1,82"
580,MERC4,"""MERC4"",",MERCANTIL BRASIL,"4,9%","0,76"
581,MGEL3,"""MGEL3"",",MANGELS,"0,0%","-0,5"
582,MGEL4,"""MGEL4"",",MANGELS,"0,0%","-0,2"
583,MGLU3,"""MGLU3"",",MAGAZ LUIZA,"0,2%","4,04"
584,MILK33,"""MILK33"",",Laep DR3,"0,0%","-0,0"
585,MILS3,"""MILS3"",",MILLS,"3,0%","1,45"
586,MLAS3,"""MLAS3"",",MULTILASER,"0,0%","1,55"
587,MLFT4,"""MLFT4"",",IGUATEMI S.A,"0,0%","23,4"
588,MLPA12,"""MLPA12"",",MELHORAMENTOS PAPEIS,"0,0%","0,00"
589,MLPA3,"""MLPA3"",",MELHORAMENTOS PAPEIS,"0,0%","0,00"
590,MLPA4,"""MLPA4"",",MELHORAMENTOS PAPEIS,"0,0%","0,00"
591,MMAQ3,"""MMAQ3"",",MINASMÁQUINAS S/A,"0,0%","0,00"
592,MMAQ4,"""MMAQ4"",",MINASMÁQUINAS S/A,"0,0%","0,04"
593,MMXM3,"""MMXM3"",",MMX MINER,"0,0%","-0,1"
594,MNDL3,"""MNDL3"",",MUNDIAL S/A,"0,0%","-0,8"
595,MNDL4,"""MNDL4"",",MUNDIAL S/A,"0,0%","-0,0"
596,MNPR3,"""MNPR3"",",MINUPAR,"0,0%","-0,1"
597,MNPR4,"""MNPR4"",",MINUPAR,"0,0%","-0,0"
598,MNSA3,"""MNSA3"",",MANASA,"0,0%","0,00"
599,MNSA4,"""MNSA4"",",MANASA,"0,0%","0,00"
600,MOAR3,"""MOAR3"",",MONTEIRO ARANHA,"12,3","3,79"
601,MODL11,"""MODL11"",",MODALMAIS,"1,6%","2,40"
602,MODL3,"""MODL3"",",MODALMAIS,"1,4%","2,69"
603,MODL4,"""MODL4"",",MODALMAIS,"1,7%","2,22"
604,MOSI3,"""MOSI3"",",MOSAICO SA,"0,0%","1,44"
605,MOVI3,"""MOVI3"",",MOVIDA,"2,0%","1,85"
606,MPLU3,"""MPLU3"",",MULTIPLUS,"0,0%","17,3"
607,MRFG3,"""MRFG3"",",Marfrig,"13,3","3,09"
608,MRSA3B,"""MRSA3B"",",MRS LOGÍSTICA S/A,"0,0%","2,66"
609,MRSA5B,"""MRSA5B"",",MRS LOGÍSTICA S/A,"0,7%","3,12"
610,MRSA6B,"""MRSA6B"",",MRS LOGÍSTICA S/A,"0,9%","2,47"
611,MRSL3,"""MRSL3"",",MARISOL,"0,0%","0,99"
612,MRSL4,"""MRSL4"",",MARISOL,"0,0%","0,91"
613,MRVE3,"""MRVE3"",",MRV,"3,4%","1,04"
614,MSAN3,"""MSAN3"",",BUNGE BRASIL S.A.,"0,0%","0,00"
615,MSAN4,"""MSAN4"",",BUNGE BRASIL S.A.,"0,0%","0,00"
616,MSPA3,"""MSPA3"",",MELHORAMENTOS,"0,0%","0,39"
617,MSPA4,"""MSPA4"",",MELHORAMENTOS,"0,0%","0,37"
618,MTBR3,"""MTBR3"",",WHIRLPOOL S.A.,"0,0%","0,59"
619,MTBR4,"""MTBR4"",",WHIRLPOOL S.A.,"0,0%","0,63"
620,MTIG3,"""MTIG3"",",IGUAÇU,"0,0%","-0,0"
621,MTIG4,"""MTIG4"",",IGUAÇU,"0,0%","-0,2"
622,MTRE3,"""MTRE3"",",MITRE REALTY,"7,5%","0,81"
623,MTSA4,"""MTSA4"",",METISA,"5,6%","1,18"
624,MULT3,"""MULT3"",",Multiplan,"2,3%","1,95"
625,MWET3,"""MWET3"",",WETZEL S.A.,"0,0%","-0,9"
626,MWET4,"""MWET4"",",WETZEL S.A.,"0,0%","-0,7"
627,MYPK3,"""MYPK3"",",IOCHPE-MAXION,"6,9%","0,55"
628,MYPK4,"""MYPK4"",",IOCHPE-MAXION,"0,0%","1,20"
629,NAFG3,"""NAFG3"",",NADIR FIGUEIREDO,"0,0%","2,76"
630,NAFG4,"""NAFG4"",",NADIR FIGUEIREDO,"0,0%","2,76"
631,NATU3,"""NATU3"",",NATURA COSMETICOS SA,"0,0%","4,72"
632,NEOE3,"""NEOE3"",",NEOENERGIA,"2,7%","0,83"
633,NETC3,"""NETC3"",",NET SERVIÇOS DE COMUNICAÇÃO S.A.,"0,0%","2,12"
634,NETC4,"""NETC4"",",NET SERVIÇOS DE COMUNICAÇÃO S.A.,"0,0%","2,20"
635,NGRD3,"""NGRD3"",",NEOGRID,"0,4%","1,48"
636,NINJ3,"""NINJ3"",",GETNINJAS,"0,0%","0,81"
637,NORD3,"""NORD3"",",NORDON INDS METALURGICAS SA,"0,0%","-0,5"
638,NTCO3,"""NTCO3"",",GRUPO NATURA,"0,0%","1,08"
639,NUTR3,"""NUTR3"",",NUTRIPLANT,"0,0%","1,59"
640,ODER3,"""ODER3"",",CONSERVAS ODERICH SA,"0,0%","0,00"
641,ODER4,"""ODER4"",",CONSERVAS ODERICH SA,"1,5%","6,05"
642,ODPV3,"""ODPV3"",",ODONTOPREV,"3,8%","5,87"
643,OFSA3,"""OFSA3"",",OUROFINO S/A,"1,8%","2,25"
644,OGXP3,"""OGXP3"",",OGX,"0,0%","-0,9"
645,OIBR3,"""OIBR3"",",OI,"0,0%","6,46"
646,OIBR4,"""OIBR4"",",OI,"0,0%","10,6"
647,OMGE3,"""OMGE3"",",OMEGA GER,"0,0%","1,59"
648,ONCO3,"""ONCO3"",",ONCOCLINICAS,"0,0%","3,18"
649,OPCT3,"""OPCT3"",",OCEANPACT,"0,0%","0,68"
650,ORVR3,"""ORVR3"",",ORIZON,"0,0%","5,24"
651,OSAO4,"""OSAO4"",",PLASCAR PARTICIPAÇÕES INDUSTRIAIS S.A,"0,0%","-0,0"
652,OSXB3,"""OSXB3"",",OSX BRASIL,"0,0%","-0,0"
653,PALF11,"""PALF11"",",CPFL,"0,0%","0,06"
654,PALF3,"""PALF3"",",CPFL,"0,0%","0,15"
655,PALF5,"""PALF5"",",CPFL,"0,0%","0,12"
656,PARD3,"""PARD3"",",IHPARDINI,"1,2%","3,50"
657,PATI3,"""PATI3"",",PANATLANTICA,"2,6%","1,88"
658,PATI4,"""PATI4"",",PANATLANTICA,"3,0%","1,63"
659,PCAR3,"""PCAR3"",",PÃO DE AÇÚCAR,"9,6%","0,46"
660,PCAR4,"""PCAR4"",",PÃO DE AÇÚCAR,"0,0%","1,47"
661,PCAR5,"""PCAR5"",",PÃO DE AÇÚCAR,"0,0%","1,36"
662,PDGR3,"""PDGR3"",",PDG REALT,"0,0%","-0,0"
663,PDTC3,"""PDTC3"",",PADTEC,"0,0%","3,92"
664,PEAB3,"""PEAB3"",",CIA. DE PARTICIPAÇÕES ALIANÇA DA BAHIA,"17,4","1,02"
665,PEAB4,"""PEAB4"",",CIA. DE PARTICIPAÇÕES ALIANÇA DA BAHIA,"16,6","1,18"
666,PEFX3,"""PEFX3"",",PETROFLEX INDÚSTRIA E COMÉRCIO S.A,"0,0%","1,68"
667,PEFX5,"""PEFX5"",",PETROFLEX INDÚSTRIA E COMÉRCIO S.A,"0,0%","1,68"
668,PETR3,"""PETR3"",",PETROBRAS,"15,9","1,26"
669,PETR4,"""PETR4"",",PETROBRAS,"17,4","1,15"
670,PETZ3,"""PETZ3"",",PETZ,"0,2%","13,8"
671,PFRM3,"""PFRM3"",",PROFARMA,"5,4%","0,56"
672,PGMN3,"""PGMN3"",",PAGUE MENOS,"0,0%","1,99"
673,PINE3,"""PINE3"",",Pine,"0,0%","0,00"
674,PINE4,"""PINE4"",",Pine,"0,0%","0,32"
675,PITI4,"""PITI4"",","AV. DR CHUCRI ZAIDAN, 920 - 16§ ANDAR","0,0%","0,00"
676,PLAS3,"""PLAS3"",",PLASCAR PARTICIPAÇÕES INDUSTRIAIS S.A,"0,0%","-0,4"
677,PLDN4,"""PLDN4"",",POLIALDEN,"0,0%","1,08"
678,PLIM4,"""PLIM4"",",NET SERVIÇOS DE COMUNICAÇÃO S.A.,"0,0%","0,03"
679,PLPL3,"""PLPL3"",",PLANOEPLANO,"5,2%","2,35"
680,PLTO5,"""PLTO5"",",POLITENO IND E COMERCIO S.A.,"0,0%",723.
681,PLTO6,"""PLTO6"",",POLITENO IND E COMERCIO S.A.,"0,0%",692.
682,PMAM3,"""PMAM3"",",PARANAPANEMA S.A.,"0,0%","-0,4"
683,PMAM4,"""PMAM4"",",PARANAPANEMA S.A.,"0,0%","-0,3"
684,PMET3,"""PMET3"",",PRO METALURG,"0,0%","0,00"
685,PMET5,"""PMET5"",",PRO METALURG,"0,0%","-0,1"
686,PMET6,"""PMET6"",",PRO METALURG,"0,0%","-0,0"
687,PNOR5,"""PNOR5"",",PRONOR,"0,0%","0,55"
688,PNOR6,"""PNOR6"",",PRONOR,"0,0%","0,55"
689,PNVL3,"""PNVL3"",",PANVEL FARMÁCIAS,"1,2%","2,05"
690,PNVL4,"""PNVL4"",",PANVEL FARMÁCIAS,"0,0%","2,72"
691,POMO3,"""POMO3"",",MARCOPOLO,"3,9%","0,91"
692,POMO4,"""POMO4"",",MARCOPOLO,"3,3%","1,10"
693,POPR4,"""POPR4"",",POLIPROPILENO S.A.,"0,0%","0,00"
694,PORP4,"""PORP4"",",POLIPROPILENO PARTICIPAÇÕES S.A.,"0,0%","0,00"
695,PORT3,"""PORT3"",",WILSON SONS,"0,0%","2,09"
696,POSI3,"""POSI3"",",POSITIVO INF,"3,6%","1,14"
697,POWE3,"""POWE3"",",FOCUS ON,"0,5%","0,99"
698,PQUN3,"""PQUN3"",",PETROQUIMICA UNIAO S.A.,"0,0%","1,88"
699,PQUN4,"""PQUN4"",",PETROQUIMICA UNIAO S.A.,"0,0%","1,88"
700,PRBC3,"""PRBC3"",",Parana,"0,0%","0,00"
701,PRBC4,"""PRBC4"",",Parana,"0,0%","35,0"
702,PRGA4,"""PRGA4"",",BRF Foods,"0,0%","8,02"
703,PRIO3,"""PRIO3"",",PETRORIO,"0,0%","3,57"
704,PRML3,"""PRML3"",",PRUMO,"0,0%","1,98"
705,PRNR3,"""PRNR3"",",PRINER,"0,8%","1,11"
706,PRTX3,"""PRTX3"",",PORTX,"0,0%",-145
707,PRVI3,"""PRVI3"",",Providencia,"0,0%","1,61"
708,PSSA3,"""PSSA3"",",PORTO SEGURO SA,"6,6%","1,41"
709,PTBL3,"""PTBL3"",",PORTOBELLO S/A,"11,4","3,56"
710,PTBL4,"""PTBL4"",",PORTOBELLO S/A,"0,0%","1,02"
711,PTIP3,"""PTIP3"",",IPIRANGA PETROQUIMICA SA,"0,0%","0,00"
712,PTIP4,"""PTIP4"",",IPIRANGA PETROQUIMICA SA,"0,0%","0,00"
713,PTNT3,"""PTNT3"",",PETTENATI,"1,7%","1,96"
714,PTNT4,"""PTNT4"",",PETTENATI,"3,2%","1,01"
715,PTPA3,"""PTPA3"",",PETROPAR SA,"0,0%","1,14"
716,PTPA4,"""PTPA4"",",PETROPAR SA,"0,0%","1,19"
717,PTQS4,"""PTQS4"",",PETROQUISA,"0,0%","2,19"
718,QUAL3,"""QUAL3"",",QUALICORP,"11,3","3,12"
719,RADL3,"""RADL3"",",RAIADROGASIL,"1,0%","7,98"
720,RAIA3,"""RAIA3"",",RAIA,"0,0%","2,98"
721,RAIL3,"""RAIL3"",",RUMO S.A.,"0,0%","1,88"
722,RAIZ4,"""RAIZ4"",",RAIZEN,"0,0%","3,54"
723,RANI3,"""RANI3"",",CELULOSE IRANI,"5,7%","1,68"
724,RANI4,"""RANI4"",",CELULOSE IRANI,"0,0%","1,48"
725,RAPT3,"""RAPT3"",",RANDON S.A. IMPLEMENTOS E PARTICIPAÇÕES,"5,4%","1,65"
726,RAPT4,"""RAPT4"",",RANDON S.A. IMPLEMENTOS E PARTICIPAÇÕES,"5,8%","1,53"
727,RCSL3,"""RCSL3"",",RECRUSUL,"0,0%","-6,8"
728,RCSL4,"""RCSL4"",",RECRUSUL,"0,0%","-2,1"
729,RCTB31,"""RCTB31"",",TELEBRAS,"0,0%","0,00"
730,RCTB33,"""RCTB33"",",TELEBRAS,"0,0%","0,00"
731,RCTB41,"""RCTB41"",",TELEBRAS,"0,0%","0,00"
732,RCTB42,"""RCTB42"",",TELEBRAS,"0,0%","0,00"
733,RDCD3,"""RDCD3"",",Redecard,"0,0%","14,7"
734,RDNI3,"""RDNI3"",",RNI,"0,1%","0,66"
735,RDOR3,"""RDOR3"",",REDE D OR,"2,9%","6,42"
736,RDTR3,"""RDTR3"",",REDENTOR,"0,0%","1,37"
737,RECV3,"""RECV3"",",PETRORECONCA,"0,0%","2,81"
738,REDE3,"""REDE3"",",REDE EMPRESAS DE ENERGIA ELÉTRICA S.A.,"14,6","3,81"
739,REDE4,"""REDE4"",",REDE EMPRESAS DE ENERGIA ELÉTRICA S.A.,"0,0%","1,65"
740,REEM4,"""REEM4"",",RHEEM EMPRS,"0,0%","-0,0"
741,RENT3,"""RENT3"",",LOCALIZA RENT A CAR,"0,8%","5,94"
742,REPA3,"""REPA3"",",ELECTROLUX,"0,0%","0,00"
743,REPA4,"""REPA4"",",ELECTROLUX,"0,0%","0,00"
744,RGEG3,"""RGEG3"",",RGE - RIO GRANDE ENERGIA,"0,0%","1,60"
745,RHDS3,"""RHDS3"",",M G POLIEST,"0,0%","3,24"
746,RHDS4,"""RHDS4"",",M G POLIEST,"0,0%","29,5"
747,RIPI3,"""RIPI3"",",REFINARIA DE PETRÓLEO IPIRANGA SA,"0,0%","-28,"
748,RIPI4,"""RIPI4"",",REFINARIA DE PETRÓLEO IPIRANGA SA,"0,0%","-29,"
749,RJCP3,"""RJCP3"",",RJCP EQUITY,"0,0%","0,65"
750,RLOG3,"""RLOG3"",",COSAN LOG,"0,0%","4,26"
751,RNEW11,"""RNEW11"",",RENOVA,"0,0%","-0,3"
752,RNEW3,"""RNEW3"",",RENOVA,"0,0%","-0,3"
753,RNEW4,"""RNEW4"",",RENOVA,"0,0%","-0,3"
754,RNPT3,"""RNPT3"",",RENNER PARTICIPAÇÕES S/A,"0,0%","0,39"
755,RNPT4,"""RNPT4"",",RENNER PARTICIPAÇÕES S/A,"0,0%","0,39"
756,ROMI3,"""ROMI3"",",ROMI,"4,7%","1,26"
757,ROMI4,"""ROMI4"",",ROMI,"0,0%","14,0"
758,RPAD3,"""RPAD3"",",ALFA HOLDINGS,"0,0%","0,51"
759,RPAD5,"""RPAD5"",",ALFA HOLDINGS,"6,9%","0,67"
760,RPAD6,"""RPAD6"",",ALFA HOLDINGS,"0,0%","0,36"
761,RPMG3,"""RPMG3"",",REFINARIA DE PETRÓLEOS DE MANGUINHOS S.A,"0,0%","-0,0"
762,RPMG4,"""RPMG4"",",REFINARIA DE PETRÓLEOS DE MANGUINHOS S.A,"0,0%","-0,0"
763,RPSA4,"""RPSA4"",",RIPASA,"0,0%","1,55"
764,RRRP3,"""RRRP3"",",3R PETROLEUM,"0,0%","4,05"
765,RSID3,"""RSID3"",",ROSSI RESIDENCIAL,"0,0%","-0,2"
766,RSIP3,"""RSIP3"",",RASIP AGRO PASTORIL,"0,0%","1,32"
767,RSIP4,"""RSIP4"",",RASIP AGRO PASTORIL,"0,0%","1,32"
768,RSUL4,"""RSUL4"",",METALURGICA RIOSULENSE S/A,"0,0%","6,54"
769,SALM3,"""SALM3"",",SEARA ALIMENTOS,"0,0%","0,00"
770,SALM4,"""SALM4"",",SEARA ALIMENTOS,"0,0%","0,00"
771,SANB11,"""SANB11"",",SANTANDER,"8,6%","1,51"
772,SANB3,"""SANB3"",",SANTANDER,"8,7%","1,42"
773,SANB4,"""SANB4"",",SANTANDER,"8,4%","1,61"
774,SAPR11,"""SAPR11"",",SANEPAR,"5,6%","0,78"
775,SAPR3,"""SAPR3"",",SANEPAR,"5,3%","0,76"
776,SAPR4,"""SAPR4"",",SANEPAR,"5,6%","0,79"
777,SASG3,"""SASG3"",",SUL AMERICA SEGUROS,"0,0%","0,00"
778,SBFG3,"""SBFG3"",",GRUPO SBF,"0,0%","2,78"
779,SBSP3,"""SBSP3"",",SABESP,"1,1%","1,02"
780,SCAR3,"""SCAR3"",",SÃO CARLOS EMPREEND.E PARTICIPAÇÕES S.A.,"1,0%","1,39"
781,SCAR4,"""SCAR4"",",SÃO CARLOS EMPREEND.E PARTICIPAÇÕES S.A.,"0,0%","0,00"
782,SCLO3,"""SCLO3"",",SCHLOSSER TECIDOS,"0,0%","-84,"
783,SCLO4,"""SCLO4"",",SCHLOSSER TECIDOS,"0,0%","-2,4"
784,SDIA3,"""SDIA3"",",SADIA,"0,0%","9,41"
785,SDIA4,"""SDIA4"",",SADIA,"0,0%","9,41"
786,SEBB11,"""SEBB11"",",SEB - SISTEMA EDUCACIONAL BRASILEIRO S/A,"0,0%","6,44"
787,SEBB3,"""SEBB3"",",SEB - SISTEMA EDUCACIONAL BRASILEIRO S/A,"0,0%","0,00"
788,SEBB4,"""SEBB4"",",SEB - SISTEMA EDUCACIONAL BRASILEIRO S/A,"0,0%","0,00"
789,SEDU3,"""SEDU3"",",SOMOS EDUCA,"0,0%","15,0"
790,SEER3,"""SEER3"",",SER EDUCA,"1,8%","1,04"
791,SEMP3,"""SEMP3"",",SEMP TOSHIBA,"0,0%","1,36"
792,SEQL3,"""SEQL3"",",SEQUOIA LOG,"0,0%","3,43"
793,SFSA3,"""SFSA3"",",Sofisa,"0,0%","0,00"
794,SFSA4,"""SFSA4"",",Sofisa,"0,0%","0,82"
795,SGEN3,"""SGEN3"",",SERGEN,"0,0%","0,77"
796,SGEN4,"""SGEN4"",",SERGEN,"0,0%","0,09"
797,SGPS3,"""SGPS3"",",Springs,"0,0%","0,28"
798,SHOW3,"""SHOW3"",",TIME FOR FUN,"0,0%","1,59"
799,SHUL4,"""SHUL4"",",SCHULZ,"2,2%","1,82"
800,SIMH3,"""SIMH3"",",SIMPAR,"1,4%","2,75"
801,SJOS3,"""SJOS3"",",SÃO JOSÉ,"0,0%","-0,1"
802,SJOS4,"""SJOS4"",",SÃO JOSÉ,"0,0%","-0,0"
803,SLCE3,"""SLCE3"",",SLC Agricola,"2,0%","2,78"
804,SLCP3,"""SLCP3"",",SULACAP,"0,0%","0,00"
805,SLED3,"""SLED3"",",EDITORA SARAIVA,"0,0%","-0,0"
806,SLED4,"""SLED4"",",EDITORA SARAIVA,"0,0%","-0,0"
807,SMFT3,"""SMFT3"",",SMART FIT,"0,0%","2,21"
808,SMLE3,"""SMLE3"",",SMILES,"0,0%","21,9"
809,SMLS3,"""SMLS3"",",SMILES,"18,0","4,09"
810,SMTO3,"""SMTO3"",",SAO MARTINHO,"6,3%","2,91"
811,SNSY5,"""SNSY5"",",SANSUY S.A. INDÚSTRIA DE PLÁSTICOS,"0,0%","-0,0"
812,SOJA3,"""SOJA3"",",BOA SAFRA,"0,0%","2,64"
813,SOMA3,"""SOMA3"",",GRUPO SOMA,"0,0%","1,54"
814,SOND3,"""SOND3"",",SONDOTECNICA S/A.,"19,1","1,63"
815,SOND5,"""SOND5"",",SONDOTECNICA S/A.,"22,2","1,54"
816,SOND6,"""SOND6"",",SONDOTECNICA S/A.,"23,7","1,44"
817,SPRI3,"""SPRI3"",",SPRINGER,"0,0%","1,19"
818,SPRI5,"""SPRI5"",",SPRINGER,"0,0%","0,96"
819,SPRI6,"""SPRI6"",",SPRINGER,"0,0%","1,24"
820,SQIA3,"""SQIA3"",",SINQIA,"0,1%","2,10"
821,STBP11,"""STBP11"",",SBPAR,"0,0%","1,10"
822,STBP3,"""STBP3"",",SBPAR,"3,6%","2,72"
823,STRP4,"""STRP4"",",STAROUP,"0,0%","-0,4"
824,SUBA3,"""SUBA3"",",,"0,0%","8,39"
825,SULA11,"""SULA11"",",Sul America,"0,9%","1,28"
826,SULA3,"""SULA3"",",Sul America,"0,9%","1,30"
827,SULA4,"""SULA4"",",Sul America,"0,9%","1,27"
828,SULT3,"""SULT3"",",CONSTRUTORA SULTEPA S/A,"0,0%","0,02"
829,SULT4,"""SULT4"",",CONSTRUTORA SULTEPA S/A,"0,0%","0,02"
830,SUZA4,"""SUZA4"",",SUZANO HOLDING S.A.,"0,0%","0,60"
831,SUZB3,"""SUZB3"",",Suzano Papel,"1,3%","5,97"
832,SUZB5,"""SUZB5"",",Suzano Papel,"0,0%","2,13"
833,SUZB6,"""SUZB6"",",Suzano Papel,"0,0%","1,80"
834,SYNE3,"""SYNE3"",",SYN PROP TEC,"1,1%","0,66"
835,SZPQ4,"""SZPQ4"",",SUZANO PETROQUIMICA S.A.,"0,0%","2,20"
836,TAEE11,"""TAEE11"",",TAESA,"12,0","1,87"
837,TAEE3,"""TAEE3"",",TAESA,"11,9","1,89"
838,TAEE4,"""TAEE4"",",TAESA,"12,0","1,87"
839,TAMM3,"""TAMM3"",",TAM,"0,0%","3,79"
840,TAMM4,"""TAMM4"",",TAM,"0,0%","3,80"
841,TANC4,"""TANC4"",",TAM,"0,0%","3,10"
842,TARP11,"""TARP11"",",TARPON,"0,0%","0,25"
843,TASA3,"""TASA3"",",TAURUS ARMAS,"0,0%","4,35"
844,TASA4,"""TASA4"",",TAURUS ARMAS,"0,0%","4,12"
845,TBLE5,"""TBLE5"",",ENGIE BRASIL,"0,0%","1,24"
846,TBLE6,"""TBLE6"",",ENGIE BRASIL,"0,0%","1,10"
847,TCNO3,"""TCNO3"",",TECNOSOLO S/A,"0,0%","-21,"
848,TCNO4,"""TCNO4"",",TECNOSOLO S/A,"0,0%","-15,"
849,TCOC3,"""TCOC3"",",TELE CENTRO OESTE CELULAR PARTICIP. S/A,"0,0%","1,80"
850,TCOC4,"""TCOC4"",",TELE CENTRO OESTE CELULAR PARTICIP. S/A,"0,0%","1,26"
851,TCSA3,"""TCSA3"",",TECNISA,"0,0%","0,43"
852,TCSL4,"""TCSL4"",",TIM PARTICIPAÇÕES S.A.,"0,0%","0,83"
853,TDBH3,"""TDBH3"",",TELEFÔNICA EMPRESAS S.A,"0,0%","1,08"
854,TDBH4,"""TDBH4"",",TELEFÔNICA EMPRESAS S.A,"0,0%","1,28"
855,TECN3,"""TECN3"",",TECHNOS,"3,2%","0,61"
856,TEFC11,"""TEFC11"",",TELEFÓNICA,"0,0%","0,00"
857,TEKA3,"""TEKA3"",",TEKA S.A.,"0,0%","-0,0"
858,TEKA4,"""TEKA4"",",TEKA S.A.,"0,0%","-0,0"
859,TELB3,"""TELB3"",",TELEBRAS,"0,0%","1,83"
860,TELB4,"""TELB4"",",TELEBRAS,"0,0%","0,72"
861,TEMP3,"""TEMP3"",",TEMPO PART,"0,0%","4,92"
862,TEND3,"""TEND3"",",Tenda,"1,2%","1,08"
863,TENE5,"""TENE5"",",TECBLU,"0,0%","-0,0"
864,TENE7,"""TENE7"",",TECBLU,"0,0%","-0,0"
865,TERI3,"""TERI3"",",TEREOS,"0,0%","0,29"
866,TESA3,"""TESA3"",",TERRA SANTA,"0,0%","1,62"
867,TFCO4,"""TFCO4"",",TRACK FIELD,"5,4%","7,19"
868,TGMA3,"""TGMA3"",",Tegma,"5,3%","1,47"
869,TIET11,"""TIET11"",",AES TIETE E,"0,1%","3,13"
870,TIET3,"""TIET3"",",AES TIETE E,"0,1%","3,13"
871,TIET4,"""TIET4"",",AES TIETE E,"0,1%","3,15"
872,TIMP3,"""TIMP3"",",TIM PARTICIPAÇÕES S.A.,"0,0%","1,43"
873,TIMS3,"""TIMS3"",",TIM,"3,3%","1,29"
874,TKNO4,"""TKNO4"",",TEKNO,"6,7%","0,65"
875,TLCP3,"""TLCP3"",",TELE LESTE CELULAR PARTICIPAÇÕES SA,"0,0%","1,76"
876,TLCP4,"""TLCP4"",",TELE LESTE CELULAR PARTICIPAÇÕES SA,"0,0%","1,25"
877,TMAR3,"""TMAR3"",",TELEMAR,"0,0%","1,04"
878,TMAR5,"""TMAR5"",",TELEMAR,"0,0%","0,72"
879,TMAR6,"""TMAR6"",",TELEMAR,"0,0%","0,71"
880,TMCP3,"""TMCP3"",",TELEMIG CELULAR PARTICIPAÇÕES S.A.,"0,0%","1,38"
881,TMCP4,"""TMCP4"",",TELEMIG CELULAR PARTICIPAÇÕES S.A.,"0,0%","1,44"
882,TMGC11,"""TMGC11"",",TELEMIG CELULAR,"0,0%","1,83"
883,TMGC12,"""TMGC12"",",TELEMIG CELULAR,"0,0%","1,12"
884,TMGC13,"""TMGC13"",",TELEMIG CELULAR,"0,0%","1,96"
885,TMGC3,"""TMGC3"",",TELEMIG CELULAR,"0,0%","3,05"
886,TMGC7,"""TMGC7"",",TELEMIG CELULAR,"0,0%","1,63"
887,TNCP3,"""TNCP3"",",AMAZÔNIA CELULAR,"0,0%","2,52"
888,TNCP4,"""TNCP4"",",AMAZÔNIA CELULAR,"0,0%","2,49"
889,TNEP3,"""TNEP3"",",TELE NORDESTE CELULAR PARTICIPAÇÕES S.A.,"0,0%","0,00"
890,TNEP4,"""TNEP4"",",TELE NORDESTE CELULAR PARTICIPAÇÕES S.A.,"0,0%","0,00"
891,TNLP3,"""TNLP3"",",TELEMAR,"0,0%","0,96"
892,TNLP4,"""TNLP4"",",TELEMAR,"0,0%","0,71"
893,TOTS3,"""TOTS3"",",TOTVS,"1,0%","4,22"
894,TOYB3,"""TOYB3"",",TEC TOY,"0,0%","-4,9"
895,TOYB4,"""TOYB4"",",TEC TOY,"0,0%","-5,4"
896,TPIS3,"""TPIS3"",",TRIUNFO PARTICIPACOES SA,"2,1%","0,38"
897,TPRC3,"""TPRC3"",",TIM PARTICIPAÇÕES S.A.,"0,0%","0,01"
898,TPRC6,"""TPRC6"",",TIM PARTICIPAÇÕES S.A.,"0,0%","0,01"
899,TRAD3,"""TRAD3"",",TC,"0,0%","2,32"
900,TRFO3,"""TRFO3"",",TRAFO,"0,0%","2,58"
901,TRFO4,"""TRFO4"",",TRAFO,"0,0%","2,68"
902,TRIS3,"""TRIS3"",",Trisul,"3,8%","0,96"
903,TROR3,"""TROR3"",",TRORION,"0,0%","-0,0"
904,TROR4,"""TROR4"",",TRORION,"0,0%","-0,0"
905,TRPL3,"""TRPL3"",",TRANSMISSÃO PAULISTA,"11,8","1,38"
906,TRPL4,"""TRPL4"",",TRANSMISSÃO PAULISTA,"15,0","1,09"
907,TRPN3,"""TRPN3"",",TARPON INV,"104,","0,54"
908,TSEP3,"""TSEP3"",",TELE SUDESTE CELULAR PART SA,"0,0%","1,79"
909,TSEP4,"""TSEP4"",",TELE SUDESTE CELULAR PART SA,"0,0%","1,30"
910,TSPP3,"""TSPP3"",",VIVO PARTICIPAÇÕES,"0,0%","0,51"
911,TSPP4,"""TSPP4"",",VIVO PARTICIPAÇÕES,"0,0%","0,37"
912,TTEN3,"""TTEN3"",",3TENTOS,"0,0%","2,40"
913,TUPY3,"""TUPY3"",",TUPY,"2,1%","1,10"
914,TUPY4,"""TUPY4"",",TUPY,"0,0%","2,58"
915,TVIT3,"""TVIT3"",",TIVIT,"0,0%","5,45"
916,TXRX3,"""TXRX3"",",RENAUX,"0,0%","-0,4"
917,TXRX4,"""TXRX4"",",RENAUX,"0,0%","-0,0"
918,UBBR11,"""UBBR11"",",UNIBANCO SA,"0,0%","3,91"
919,UBBR3,"""UBBR3"",",UNIBANCO SA,"0,0%","4,77"
920,UBBR4,"""UBBR4"",",UNIBANCO SA,"0,0%","1,99"
921,UCAS3,"""UCAS3"",",UNICASA,"5,5%","1,56"
922,UCOP4,"""UCOP4"",",USINA COSTA PINTO S/A AÇÚCAR E ÁLCOOL,"0,0%","1,30"
923,UGPA3,"""UGPA3"",",ULTRAPAR PARTICIPAÇÕES SA,"4,4%","1,64"
924,UGPA4,"""UGPA4"",",ULTRAPAR PARTICIPAÇÕES SA,"0,0%","3,08"
925,UNIP3,"""UNIP3"",",UNIPAR PARTICIPAÇÕES S.A.,"14,8","3,53"
926,UNIP5,"""UNIP5"",",UNIPAR PARTICIPAÇÕES S.A.,"15,9","3,61"
927,UNIP6,"""UNIP6"",",UNIPAR PARTICIPAÇÕES S.A.,"15,7","3,67"
928,UOLL4,"""UOLL4"",",UOL,"0,0%","2,35"
929,USIM3,"""USIM3"",",USIMINAS,"8,4%","0,96"
930,USIM5,"""USIM5"",",USIMINAS,"8,6%","1,03"
931,USIM6,"""USIM6"",",USIMINAS,"8,0%","1,11"
932,VAGV3,"""VAGV3"",",SAVIRG,"0,0%","-0,0"
933,VAGV4,"""VAGV4"",",SAVIRG,"0,0%","-0,0"
934,VALE3,"""VALE3"",",VALE,"17,6","2,43"
935,VALE5,"""VALE5"",",VALE,"0,0%","0,94"
936,VAMO3,"""VAMO3"",",VAMOS,"1,6%","4,46"
937,VBBR3,"""VBBR3"",",VIBRA,"9,1%","2,31"
938,VCPA4,"""VCPA4"",",Fibria,"0,0%","1,02"
939,VGOR3,"""VGOR3"",",VIGOR,"0,0%","0,00"
940,VGOR4,"""VGOR4"",",VIGOR,"0,0%","7,18"
941,VIGR3,"""VIGR3"",",VIGOR FOOD,"0,0%","2,55"
942,VIIA3,"""VIIA3"",",VIA,"0,0%","1,24"
943,VINE3,"""VINE3"",",VICUNHA TEXTIL SA,"0,0%","0,65"
944,VINE5,"""VINE5"",",VICUNHA TEXTIL SA,"0,0%","0,67"
945,VITT3,"""VITT3"",",VITTIA,"0,7%","4,73"
946,VIVA3,"""VIVA3"",",VIVARA S.A.,"1,3%","4,57"
947,VIVO3,"""VIVO3"",",VIVO PARTICIPAÇÕES,"0,0%","2,69"
948,VIVO4,"""VIVO4"",",VIVO PARTICIPAÇÕES,"0,0%","2,93"
949,VIVR3,"""VIVR3"",",VIVER,"0,0%","-1,4"
950,VIVT3,"""VIVT3"",",TELEF BRASIL,"7,0%","1,21"
951,VIVT4,"""VIVT4"",",TELEF BRASIL,"0,0%","1,11"
952,VLID3,"""VLID3"",",VALID,"3,0%","0,65"
953,VNET3,"""VNET3"",",CIELO,"0,0%","0,00"
954,VPSC3,"""VPSC3"",",VPSC,"0,0%","2,59"
955,VPSC4,"""VPSC4"",",VPSC,"0,0%","4,30"
956,VPTA3,"""VPTA3"",",VPTA,"0,0%","-0,0"
957,VPTA4,"""VPTA4"",",VPTA,"0,0%","-0,0"
958,VSPT3,"""VSPT3"",",FERROVIA CENTRO-ATLÂNTICA S.A.,"0,0%","0,00"
959,VSPT4,"""VSPT4"",",FERROVIA CENTRO-ATLÂNTICA S.A.,"0,0%","0,00"
960,VTLM3,"""VTLM3"",",ADVANCED-DH,"0,0%","-0,6"
961,VULC3,"""VULC3"",",VULCABRAS S/A.,"3,8%","1,80"
962,VULC4,"""VULC4"",",VULCABRAS S/A.,"0,0%","3,47"
963,VVAR11,"""VVAR11"",",VIA,"0,0%","1,37"
964,VVAR4,"""VVAR4"",",VIA,"0,0%","1,36"
965,VVAX3,"""VVAX3"",",VIVAX SA,"0,0%","0,00"
966,VVAX4,"""VVAX4"",",VIVAX SA,"0,0%","0,00"
967,VVEO3,"""VVEO3"",",VIVEO,"0,0%","2,26"
968,WEGE3,"""WEGE3"",",WEG SA,"1,3%","10,4"
969,WEGE4,"""WEGE4"",",WEG SA,"0,0%","5,30"
970,WEST3,"""WEST3"",",WESTWING,"0,0%","1,01"
971,WHRL3,"""WHRL3"",",WHIRLPOOL S.A.,"9,2%","3,80"
972,WHRL4,"""WHRL4"",",WHIRLPOOL S.A.,"9,2%","4,20"
973,WISA3,"""WISA3"",",WIEST SA,"0,0%","-0,0"
974,WISA4,"""WISA4"",",WIEST SA,"0,0%","-0,0"
975,WIZS3,"""WIZS3"",",WIZ S.A.,"7,3%","3,43"
976,WLMM3,"""WLMM3"",",WLM,"2,0%","2,33"
977,WLMM4,"""WLMM4"",",WLM,"2,4%","2,12"
978,WMBY3,"""WMBY3"",",WEMBLEY SOCIEDADE ANÔNIMA,"0,0%","2,87"
979,WSON33,"""WSON33"",",Wilson Sons,"4,3%","2,27"
980,YDUQ3,"""YDUQ3"",",YDUQS PART,"2,1%","2,03"
